date,net_return
2015-01-02,0.0
2015-01-05,0.0
2015-01-06,0.0
2015-01-07,0.0
2015-01-08,0.0
2015-01-09,0.0
2015-01-12,0.0
2015-01-13,0.0
2015-01-14,0.0
2015-01-15,0.0
2015-01-16,0.0
2015-01-20,0.0
2015-01-21,0.0
2015-01-22,0.0
2015-01-23,0.0
2015-01-26,0.0
2015-01-27,0.0
2015-01-28,0.0
2015-01-29,0.0
2015-01-30,-0.0004999999999999449
2015-02-02,0.010529553655833634
2015-02-03,0.011880596918103947
2015-02-04,0.004751787238439276
2015-02-05,0.011845863843249482
2015-02-06,-0.003953275211058371
2015-02-09,-0.005348014980484761
2015-02-10,0.012754144098958697
2015-02-11,0.00022276824628919556
2015-02-12,0.016466360252324508
2015-02-13,0.0035110138521756706
2015-02-17,-0.0008510600782536404
2015-02-18,-0.0020143140702399975
2015-02-19,0.00011939024319196356
2015-02-20,0.006901066474541473
2015-02-23,-0.0030043602494093102
2015-02-24,0.004968965731560804
2015-02-25,0.0017558489798032983
2015-02-26,0.0032721261015145053
2015-02-27,-0.005278970681700801
2015-03-02,0.011664944050610249
2015-03-03,-0.003917284736888238
2015-03-04,-0.0029544983302065564
2015-03-05,0.0009407998586909994
2015-03-06,-0.015115391885144214
2015-03-09,0.003626250059432401
2015-03-10,-0.017029414326433345
2015-03-11,-0.004885732430762069
2015-03-12,0.009184234603133223
2015-03-13,-0.005616967657239402
2015-03-16,0.011273726592378575
2015-03-17,-0.002526463839922166
2015-03-18,0.008356413149558373
2015-03-19,-0.004130109962338424
2015-03-20,0.009578464522826069
2015-03-23,-0.0006632261576784426
2015-03-24,-0.004393128406338098
2015-03-25,-0.01934421092907801
2015-03-26,-0.003024198746969242
2015-03-27,0.0036937283619429273
2015-03-30,0.010025874549326685
2015-03-31,-0.008446894449437248
2015-04-01,-0.0057321686404508965
2015-04-02,0.0009945012702352596
2015-04-06,0.008010591435250625
2015-04-07,0.001121786150811488
2015-04-08,0.003584763906375299
2015-04-09,0.003417543250766153
2015-04-10,0.005593636462644103
2015-04-13,-0.0035138209891761862
2015-04-14,-0.00046683499186472854
2015-04-15,0.004708562881951872
2015-04-16,-0.0007868496832429406
2015-04-17,-0.013536968844851116
2015-04-20,0.012703585381901972
2015-04-21,-0.0013507134859874759
2015-04-22,0.007679003277563989
2015-04-23,-0.0008653017342579172
2015-04-24,0.013615474194228039
2015-04-27,-0.0032686673826571866
2015-04-28,4.152269805901554e-05
2015-04-29,-0.004193428595307247
2015-04-30,-0.010783474743481403
2015-05-01,0.011137006131282767
2015-05-04,0.0004904467227471176
2015-05-05,-0.00975706559308498
2015-05-06,-0.004702034108120978
2015-05-07,0.005515215490881742
2015-05-08,0.01148927942290423
2015-05-11,-0.005673985988831842
2015-05-12,-0.0016283086681493364
2015-05-13,9.733332769457093e-05
2015-05-14,0.01245305636029026
2015-05-15,0.0001714961408563198
2015-05-18,0.0027946911932086316
2015-05-19,-0.001465263723989585
2015-05-20,-0.001326282121635769
2015-05-21,0.0008552286607257376
2015-05-22,-0.003683411674058834
2015-05-26,-0.010318736025048736
2015-05-27,0.01144658129512477
2015-05-28,-0.0009000867931255874
2015-05-29,-0.005170166001682408
2015-06-01,0.0028335514726895994
2015-06-02,-0.0017141672719462875
2015-06-03,0.0023195006710912125
2015-06-04,-0.0078146497014695
2015-06-05,-0.0038638081158338666
2015-06-08,-0.007051608883432037
2015-06-09,9.887463238489325e-05
2015-06-10,0.011149317156740945
2015-06-11,0.00205901664505892
2015-06-12,-0.008163142978809601
2015-06-15,-0.006038485855904718
2015-06-16,0.006702123366593815
2015-06-17,0.004023371351381311
2015-06-18,0.012494096207279926
2015-06-19,-0.005279647386265962
2015-06-22,0.004832640235949759
2015-06-23,0.0014779682259127291
2015-06-24,-0.005268701877857218
2015-06-25,-0.002944220443881429
2015-06-26,-0.0022357165593036576
2015-06-29,-0.019709805191867713
2015-06-30,0.001105639386836943
2015-07-01,0.00819592605720132
2015-07-02,0.0007993439534210722
2015-07-06,-0.0023992638609174888
2015-07-07,0.005356501393017243
2015-07-08,-0.012516593801628728
2015-07-09,0.0007225306570417533
2015-07-10,0.013418078805395028
2015-07-13,0.01503952725134261
2015-07-14,0.005378204503217798
2015-07-15,0.00010473015233514182
2015-07-16,0.009012800557419265
2015-07-17,0.008666875643960958
2015-07-20,0.0020808519762645084
2015-07-21,-0.002556413820181347
2015-07-22,-0.005101798830594029
2015-07-23,-0.0036650436465607283
2015-07-24,-0.00011779019549629233
2015-07-27,-0.006274075433917781
2015-07-28,0.009150575150319362
2015-07-29,0.009004545566888345
2015-07-30,-0.0012509325651823833
2015-07-31,-0.003422570647473422
2015-08-03,0.000484795148891104
2015-08-04,-0.0023065003673563567
2015-08-05,0.0028682618124151738
2015-08-06,-0.008340608814819128
2015-08-07,0.0025590272160658234
2015-08-10,0.012177560829856438
2015-08-11,-0.008255669082278594
2015-08-12,0.0016708102341218556
2015-08-13,0.0009103336810882823
2015-08-14,0.003270223877265277
2015-08-17,0.0029156716032467944
2015-08-18,-0.003686292028138416
2015-08-19,-0.0075608704562049045
2015-08-20,-0.0228209290850514
2015-08-21,-0.035276166307793844
2015-08-24,-0.03811269733214806
2015-08-25,-0.011294215955241493
2015-08-26,0.04865880184046745
2015-08-27,0.022671604195365624
2015-08-28,-0.0004060100605407513
2015-08-31,-0.008669715829987434
2015-09-01,-0.02845248758995944
2015-09-02,0.022578229335669553
2015-09-03,7.46183437678738e-05
2015-09-04,-0.014710741518623283
2015-09-08,0.02668655368855477
2015-09-09,-0.01383358929937395
2015-09-10,0.007346314065998616
2015-09-11,0.006555630535488355
2015-09-14,-0.004053754514274255
2015-09-15,0.01073210523102075
2015-09-16,0.00679002139196494
2015-09-17,0.0004563078345454219
2015-09-18,-0.012910830632121284
2015-09-21,0.007297897789499519
2015-09-22,-0.01171663661026412
2015-09-23,0.000794886829824204
2015-09-24,0.0007667110290940915
2015-09-25,0.0008005066239924474
2015-09-28,-0.018686877185793982
2015-09-29,0.0019603130812810843
2015-09-30,0.019549909524676057
2015-10-01,0.0010599834989029056
2015-10-02,0.013883940660892158
2015-10-05,0.017069459848884083
2015-10-06,0.00044081248724348043
2015-10-07,0.007676822425403129
2015-10-08,0.005047458980536712
2015-10-09,0.0017630401615882363
2015-10-12,0.0043849386725323125
2015-10-13,-0.0017427320901696186
2015-10-14,-0.008276336768297754
2015-10-15,0.014462832444548601
2015-10-16,0.007358736166100277
2015-10-19,0.002718989769712854
2015-10-20,-0.0037274400072379033
2015-10-21,-0.004715455325667639
2015-10-22,0.02324891991120559
2015-10-23,0.019379300619349893
2015-10-26,0.0006123040138350522
2015-10-27,-0.00022497815169120194
2015-10-28,0.008578770723108864
2015-10-29,-0.0021480782254814645
2015-10-30,-0.007063234169035426
2015-11-02,0.008324273913791647
2015-11-03,0.004417158350533024
2015-11-04,-0.0002295207256732823
2015-11-05,0.0036408124269571296
2015-11-06,0.007712981254942575
2015-11-09,-0.008535695672450938
2015-11-10,0.0007044055627878354
2015-11-11,-0.0010335283819523644
2015-11-12,-0.011178477489860006
2015-11-13,-0.016958606431848433
2015-11-16,0.01326982531326859
2015-11-17,0.0029375882062827596
2015-11-18,0.017220635869644507
2015-11-19,0.002154033957357804
2015-11-20,0.004458991267418666
2015-11-23,-0.0012878487823311247
2015-11-24,0.0003991948526680389
2015-11-25,0.000386995548999014
2015-11-27,-0.00036128705433668973
2015-11-30,-0.005213992750480512
2015-12-01,0.013517013553413282
2015-12-02,-0.008224837711348187
2015-12-03,-0.01130952408928132
2015-12-04,0.022141199096620934
2015-12-07,-0.004005813543018211
2015-12-08,-0.005334213172914715
2015-12-09,-0.009764758940354223
2015-12-10,0.0034492412962068286
2015-12-11,-0.01690728065838143
2015-12-14,0.009432554417731609
2015-12-15,0.010607031489210383
2015-12-16,0.013164602107059054
2015-12-17,-0.012584383083913075
2015-12-18,-0.020286781897973727
2015-12-21,0.008563090175046861
2015-12-22,0.006177332628419796
2015-12-23,0.007929664369419775
2015-12-24,-0.001622479727011461
2015-12-28,0.0019481415209943176
2015-12-29,0.011913240192254149
2015-12-30,-0.006511434844456154
2015-12-31,-0.012102142514157976
2016-01-04,-0.017254753960064706
2016-01-05,0.0020918870708848125
2016-01-06,-0.01080963723213213
2016-01-07,-0.02415450850380696
2016-01-08,-0.011460529113899831
2016-01-11,0.006378465038805681
2016-01-12,0.009263070749398139
2016-01-13,-0.025222983254367115
2016-01-14,0.013889382695830399
2016-01-15,-0.02906825579681105
2016-01-19,0.00401712719163716
2016-01-20,-0.014134591757839488
2016-01-21,0.0072052770024046975
2016-01-22,0.021849180632824927
2016-01-25,-0.00842343432114323
2016-01-26,0.013751839715532732
2016-01-27,-0.016258889987955105
2016-01-28,0.016618623227311113
2016-01-29,0.02324336225660506
2016-02-01,-0.00159515398896648
2016-02-02,-0.018174675526587136
2016-02-03,0.0012241887609079072
2016-02-04,-0.0007961720072583445
2016-02-05,-0.024525505607595588
2016-02-08,-0.011781874456509356
2016-02-09,0.0006894947338713653
2016-02-10,-0.0025231816370796523
2016-02-11,-0.003178590361748057
2016-02-12,0.015200204656598881
2016-02-16,0.015562338528641861
2016-02-17,0.015349050988379132
2016-02-18,-0.002522261826158223
2016-02-19,0.001252651067735755
2016-02-22,0.014699612246851235
2016-02-23,-0.010522675994770414
2016-02-24,0.004424333066345376
2016-02-25,0.010427652198464532
2016-02-26,-0.0055433715779609205
2016-02-29,-0.007720487171341217
2016-03-01,0.02487877219000878
2016-03-02,0.002141567204835937
2016-03-03,-0.001198934645723293
2016-03-04,0.00022728765968405007
2016-03-07,-0.002140720874381552
2016-03-08,-0.0051602058410017415
2016-03-09,0.0061646479133830034
2016-03-10,-0.0015045830739029986
2016-03-11,0.012924723027076146
2016-03-14,0.0013317919495794417
2016-03-15,0.002725466135428123
2016-03-16,0.004017682015306612
2016-03-17,0.003485967937800316
2016-03-18,0.005028756997504269
2016-03-21,0.0020733430702037925
2016-03-22,-0.00014437442666914713
2016-03-23,-0.0012943036738635172
2016-03-24,0.00113192616497515
2016-03-28,-0.0005112770618395102
2016-03-29,0.010491245355813472
2016-03-30,0.005461108850208118
2016-03-31,-0.005217807150899145
2016-04-01,0.008362843365735229
2016-04-04,-0.0029395308770188144
2016-04-05,-0.005846032420762648
2016-04-06,0.01132303143433444
2016-04-07,-0.01038355614787334
2016-04-08,0.0008873438271217449
2016-04-11,-0.0028690866171889873
2016-04-12,0.008412343455053817
2016-04-13,0.010376429917384744
2016-04-14,0.0017173100935889973
2016-04-15,-0.0013253311120808853
2016-04-18,0.007917780825999587
2016-04-19,0.0012682224981219736
2016-04-20,-0.0013940390744514586
2016-04-21,-0.004072581813077347
2016-04-22,-0.007715903385854483
2016-04-25,0.0015709928678409035
2016-04-26,-0.0030875119655017214
2016-04-27,0.0007235265160916438
2016-04-28,-0.008974850837664583
2016-04-29,-0.0007342365856098931
2016-05-02,0.009495941716454626
2016-05-03,-0.0066188437267452604
2016-05-04,-0.003368152456949658
2016-05-05,0.0003646147464118066
2016-05-06,0.008029997932933464
2016-05-09,0.0008701811814655347
2016-05-10,0.012203418736878247
2016-05-11,-0.009781984617108108
2016-05-12,0.000875931119871165
2016-05-13,-0.0008182623474923822
2016-05-16,0.011078020520527865
2016-05-17,-0.011107687946033007
2016-05-18,0.0012724863121214014
2016-05-19,0.0021607233506188983
2016-05-20,0.005040839292091093
2016-05-23,-0.0022449984320610517
2016-05-24,0.014386672615990692
2016-05-25,0.005576192198765373
2016-05-26,0.0023625519083174673
2016-05-27,0.002645532758315472
2016-05-31,-0.001626996412403492
2016-06-01,-0.00044850351391712007
2016-06-02,0.0025529779352253534
2016-06-03,-0.002791820166388237
2016-06-06,0.004296655460710008
2016-06-07,0.00013511014896439022
2016-06-08,0.0034626163634392526
2016-06-09,0.0018763872763620792
2016-06-10,-0.006753937234565077
2016-06-13,-0.006884985696722246
2016-06-14,0.0005849505825077372
2016-06-15,-0.002797362604976761
2016-06-16,0.0030438185773582482
2016-06-17,-0.007764548925849879
2016-06-20,0.005743230465465876
2016-06-21,0.0024606492436651806
2016-06-22,-0.002980112781625688
2016-06-23,0.011368285717605398
2016-06-24,-0.03270280186730379
2016-06-27,-0.015137753068182436
2016-06-28,0.01812833434816885
2016-06-29,0.014368561842493133
2016-06-30,0.009274426854001039
2016-07-01,0.001979617919434018
2016-07-05,-0.0015933766198117372
2016-07-06,0.00614483216402939
2016-07-07,0.0010522126740120097
2016-07-08,0.014882717525898315
2016-07-11,0.0064931515100050685
2016-07-12,0.003918480815813696
2016-07-13,-0.0008922345195659931
2016-07-14,0.006132811214960343
2016-07-15,-0.0011998939575905698
2016-07-18,0.004328146186098225
2016-07-19,0.003020567880577252
2016-07-20,0.006011573231053502
2016-07-21,-0.00574618483148559
2016-07-22,0.005300016074450076
2016-07-25,-0.0019832644999461246
2016-07-26,-0.0021423525560742007
2016-07-27,-0.0006669865360416916
2016-07-28,0.0015972641711277102
2016-07-29,0.002171911487267142
2016-08-01,0.0018204898396916303
2016-08-02,-0.0055870902466103045
2016-08-03,0.000404742944690728
2016-08-04,0.0028383580259709884
2016-08-05,0.00811859086371558
2016-08-08,-0.00048389623210898236
2016-08-09,0.001334519962546743
2016-08-10,-0.0012107195814314853
2016-08-11,0.0038580460226405044
2016-08-12,0.0024388575508735855
2016-08-15,0.0019759677773383277
2016-08-16,-0.00391598141660765
2016-08-17,-0.0001866012476561263
2016-08-18,0.0007152056379968741
2016-08-19,-0.0031982685059879223
2016-08-22,-0.00012592328914984297
2016-08-23,0.0016989213994669239
2016-08-24,-0.003781132724056002
2016-08-25,-0.0007149581049308296
2016-08-26,6.757521975275793e-05
2016-08-29,0.0051809730587448755
2016-08-30,-0.0029878586949207975
2016-08-31,-0.0013556842437756345
2016-09-01,0.003537931418625462
2016-09-02,0.00346274415441461
2016-09-06,0.006647910672417101
2016-09-07,-0.0023710684936616433
2016-09-08,-0.003065836616436113
2016-09-09,-0.0228701048545753
2016-09-12,0.015183082647895585
2016-09-13,-0.011225184183455084
2016-09-14,0.00109654274869464
2016-09-15,0.011590085119780325
2016-09-16,-0.001299696701156039
2016-09-19,-0.0014760215759884732
2016-09-20,0.0012598761618836107
2016-09-21,0.008211151882523193
2016-09-22,0.006353273596794606
2016-09-23,-0.0052941184374901695
2016-09-26,-0.010089291117864052
2016-09-27,0.010233332821862895
2016-09-28,0.005320709293934023
2016-09-29,-0.008095051993676772
2016-09-30,0.009584840584639043
2016-10-03,-0.002017659786406001
2016-10-04,-0.0019188188326263456
2016-10-05,0.004737445354837666
2016-10-06,-0.0007511141213024652
2016-10-07,-0.001928537943747921
2016-10-10,0.004330973337799193
2016-10-11,-0.010418740258839931
2016-10-12,5.115767688934625e-05
2016-10-13,-0.0036528438437346544
2016-10-14,0.0010323063469208638
2016-10-17,-0.0034156114083885303
2016-10-18,0.0038539158767361137
2016-10-19,-0.001278870973761781
2016-10-20,-0.001615731004245613
2016-10-21,0.0031689243888546326
2016-10-24,0.010109688217467161
2016-10-25,-0.0009137933197226333
2016-10-26,0.0005482083655123926
2016-10-27,-0.004261359776703166
2016-10-28,-0.0035484662720467464
2016-10-31,-0.0008628612707233252
2016-11-01,-0.008269435214282805
2016-11-02,-0.006266318883760946
2016-11-03,-0.006023213750288137
2016-11-04,-0.005198606713743836
2016-11-07,0.023502252483888375
2016-11-08,0.004623495398027755
2016-11-09,0.007120050327602989
2016-11-10,-0.006357563183439163
2016-11-11,0.013654458054596086
2016-11-14,-0.009706350702610056
2016-11-15,0.008168401568190653
2016-11-16,0.004559247206094241
2016-11-17,0.0006575165102016278
2016-11-18,-0.002536716160462249
2016-11-21,0.00685290385630366
2016-11-22,0.0021535177325104904
2016-11-23,-0.0008628141954507562
2016-11-25,0.004589472812158268
2016-11-28,-0.0026143429600606893
2016-11-29,0.00042843510502033055
2016-11-30,-0.00788244546439354
2016-12-01,-0.009876626451784554
2016-12-02,0.0018209925539083294
2016-12-05,0.00952678518999428
2016-12-06,0.0016670212229856762
2016-12-07,0.012495371253225862
2016-12-08,0.001165509830394429
2016-12-09,0.007874991412206489
2016-12-12,0.0022959107769340292
2016-12-13,0.00964535140977052
2016-12-14,-0.00203978991809195
2016-12-15,0.003051466949776538
2016-12-16,-0.0016765414954150737
2016-12-19,0.004845381241643132
2016-12-20,0.004164892980657697
2016-12-21,-0.0017432048819450152
2016-12-22,-0.0019505945792634982
2016-12-23,0.001386224186405327
2016-12-27,0.0058861599617832105
2016-12-28,-0.009536326474907209
2016-12-29,0.0008641679688723425
2016-12-30,-0.008075639176490013
2017-01-03,0.004881479485509432
2017-01-04,0.0034438655738606716
2017-01-05,0.0022398845983171434
2017-01-06,0.005575111625211182
2017-01-09,0.0011336132611639016
2017-01-10,-0.0016894196950991702
2017-01-11,0.0022037508131693695
2017-01-12,-0.003658813190955512
2017-01-13,0.0007886693688141655
2017-01-17,-0.0011527601570542334
2017-01-18,0.0009859060098673655
2017-01-19,-0.003114452454104799
2017-01-20,0.0035753019058959445
2017-01-23,0.001571238140791964
2017-01-24,0.006572007239803446
2017-01-25,0.007639458004063737
2017-01-26,0.0015668393715257967
2017-01-27,0.00250443493152841
2017-01-30,-0.005045534901013005
2017-01-31,-0.004435693100224403
2017-02-01,0.0042994169137156035
2017-02-02,0.0016288331400129419
2017-02-03,0.0038466462779576105
2017-02-06,0.00100248163220229
2017-02-07,0.0033418681644994397
2017-02-08,0.000992465900906403
2017-02-09,0.0018426474588455477
2017-02-10,-0.00048464548777260585
2017-02-13,0.0033812573313969363
2017-02-14,0.004519629462803598
2017-02-15,0.00660525495751263
2017-02-16,0.0026903626761578536
2017-02-17,0.0023945677688115286
2017-02-21,0.008399585670844534
2017-02-22,-0.00018783255869059268
2017-02-23,-0.0027252518096287925
2017-02-24,0.003065987891013533
2017-02-27,0.0009748495687251779
2017-02-28,-0.0030257018658669255
2017-03-01,0.011530526908437144
2017-03-02,-0.004863928557964692
2017-03-03,-0.0005466619105134463
2017-03-06,-0.003089788402907412
2017-03-07,0.00034459099167061247
2017-03-08,-0.00038728854473235597
2017-03-09,0.00211844245205306
2017-03-10,0.002063488740376096
2017-03-13,0.001446391030190286
2017-03-14,-6.687324159992958e-05
2017-03-15,0.004266600516529051
2017-03-16,0.0006090019432827276
2017-03-17,0.0006603103452185177
2017-03-20,0.0017274748211466573
2017-03-21,-0.010563731092662176
2017-03-22,0.004828632401437272
2017-03-23,-0.002326962865940807
2017-03-24,-0.0014750501189849663
2017-03-27,0.0014353160070754711
2017-03-28,0.005059008866149295
2017-03-29,0.0012292078605722345
2017-03-30,0.0037655033545811456
2017-03-31,-0.0015006979301568357
2017-04-03,-7.331485585582165e-05
2017-04-04,-0.001184265933262929
2017-04-05,-0.0023291478158019574
2017-04-06,-0.0005596113013153214
2017-04-07,-0.0006675671725174803
2017-04-10,-0.0007468929772929123
2017-04-11,-0.0004471308710580768
2017-04-12,-0.0018794391254116638
2017-04-13,-0.005432533649060378
2017-04-17,0.010154125688687232
2017-04-18,-0.0011103135405668985
2017-04-19,-0.0015622908409980152
2017-04-20,0.007067183932450982
2017-04-21,2.9269007174148598e-05
2017-04-24,0.010219728930412453
2017-04-25,0.008439241150376198
2017-04-26,-0.0016842483114071216
2017-04-27,0.0036508568291804266
2017-04-28,0.0007900267658764726
2017-05-01,0.004170230409284548
2017-05-02,0.0008563026628995996
2017-05-03,0.00021134834927871715
2017-05-04,-0.0005303355890563521
2017-05-05,0.0018819560300245008
2017-05-08,0.0026749739413567397
2017-05-09,-0.00034741137245808407
2017-05-10,0.00709477133448444
2017-05-11,0.0009795296075401083
2017-05-12,0.0020773164726850535
2017-05-15,0.006921375441729216
2017-05-16,0.0020724388346633482
2017-05-17,-0.019468712468983296
2017-05-18,0.003177547540388792
2017-05-19,0.006402798849008962
2017-05-22,0.005540830145239761
2017-05-23,0.00045730432404633703
2017-05-24,0.0043812639327078795
2017-05-25,0.0044947012113825124
2017-05-26,0.0015473183210652497
2017-05-30,0.0013512769231485144
2017-05-31,-0.0010628702235944143
2017-06-01,0.004552075090582086
2017-06-02,0.0045205432374020305
2017-06-05,0.0016446032057135795
2017-06-06,-0.003968223359954393
2017-06-07,0.002822474119082985
2017-06-08,0.002280016208568769
2017-06-09,-0.008615864182613286
2017-06-12,-0.0037596924764902173
2017-06-13,0.006584812786363248
2017-06-14,0.0002562248182660376
2017-06-15,-0.0015648691067918774
2017-06-16,-7.616227411866294e-05
2017-06-19,0.010202755569021393
2017-06-20,-0.003939847563072307
2017-06-21,0.002550021048060236
2017-06-22,-0.0019541802846493317
2017-06-23,0.0013925852474305778
2017-06-26,-0.0028655714244909536
2017-06-27,-0.009271102380349339
2017-06-28,0.009783043599626229
2017-06-29,-0.012710179691701184
2017-06-30,-0.0007197240093812507
2017-07-03,-0.0020409078703114147
2017-07-05,0.005627469228161486
2017-07-06,-0.007030535954279604
2017-07-07,0.007490435790160843
2017-07-10,0.003165629250221569
2017-07-11,0.002088890935679988
2017-07-12,0.009347318325934051
2017-07-13,0.0008080820326783478
2017-07-14,0.007167523695807754
2017-07-17,-0.00011903449597416849
2017-07-18,0.003931534867777309
2017-07-19,0.0047889864340513455
2017-07-20,-1.0748837440677228e-05
2017-07-21,-0.00023356242553873585
2017-07-24,-0.0009991747465424305
2017-07-25,0.004271979305014328
2017-07-26,0.005456818244228057
2017-07-27,0.0022368168870947613
2017-07-28,-0.0005476078411361662
2017-07-31,-0.0024110829357268937
2017-08-01,0.0041359625278971635
2017-08-02,0.002545785588111915
2017-08-03,-0.0003329826751208298
2017-08-04,0.001527457421874212
2017-08-07,0.004747011393030132
2017-08-08,-0.0009853434744230283
2017-08-09,-0.00075947181985625
2017-08-10,-0.012749950166963786
2017-08-11,0.00010567394917249118
2017-08-14,0.010979403321338177
2017-08-15,0.0005297291109580549
2017-08-16,0.0007940302254607623
2017-08-17,-0.015077209721361395
2017-08-18,-0.0027835643206827188
2017-08-21,0.0008985821415112838
2017-08-22,0.010065985071014527
2017-08-23,-0.003182163704664509
2017-08-24,-0.0024795825422829765
2017-08-25,0.0005240039004965613
2017-08-28,0.0019000177512373817
2017-08-29,0.0023476718045787326
2017-08-30,0.0032431256425902166
2017-08-31,0.004638794444888017
2017-09-01,0.0011202340130125332
2017-09-05,-0.005778037262980984
2017-09-06,0.004442211393320683
2017-09-07,0.0016949055070993868
2017-09-08,-0.004975125813505565
2017-09-11,0.010940501380139134
2017-09-12,0.002668091667835659
2017-09-13,0.002210271324619706
2017-09-14,-0.0009353579308157833
2017-09-15,0.005384920696533069
2017-09-18,0.0015369144774650678
2017-09-19,0.0026381860172732807
2017-09-20,0.0016609886555130071
2017-09-21,-0.005519363622495166
2017-09-22,-0.0010703300268264382
2017-09-25,-0.008220652939789908
2017-09-26,-0.00012026325005642935
2017-09-27,0.004359579895423682
2017-09-28,0.0026386980796795356
2017-09-29,0.004270566751132687
2017-10-02,0.0038353584530876894
2017-10-03,0.0035981426639617453
2017-10-04,-0.0002053188503156056
2017-10-05,0.007044859084822219
2017-10-06,0.0016607501917029754
2017-10-09,0.0027518261655730125
2017-10-10,0.0038733165815114656
2017-10-11,0.00533428618287668
2017-10-12,-0.0008852800757036539
2017-10-13,0.00429965769971008
2017-10-16,0.003053670786298035
2017-10-17,0.0021766199969432964
2017-10-18,-0.0002782650780378537
2017-10-19,-0.0011705362007118358
2017-10-20,0.0031245334162575134
2017-10-23,-0.0030246623474946555
2017-10-24,0.002871683682362347
2017-10-25,-0.0038392923486266772
2017-10-26,0.003277424266214579
2017-10-27,0.020251565845887942
2017-10-30,-0.0005559809994651888
2017-10-31,0.0018491173651589143
2017-11-01,0.004976593141794217
2017-11-02,-0.00015957267521848895
2017-11-03,0.004016543953661023
2017-11-06,0.002213823899085865
2017-11-07,0.002434090316425941
2017-11-08,0.001504049343293623
2017-11-09,-0.003549014308247833
2017-11-10,0.00164063012987814
2017-11-13,0.0012930395358818902
2017-11-14,0.0005427369764714474
2017-11-15,-0.006492783058450358
2017-11-16,0.012606750080908835
2017-11-17,-0.007679926047653107
2017-11-20,0.0024828327203720857
2017-11-21,0.007844056888961282
2017-11-22,-0.0016382194110949877
2017-11-24,0.004093309109363119
2017-11-27,0.0018912535388873053
2017-11-28,0.006323464105989274
2017-11-29,-0.009236991751902623
2017-11-30,0.00972625977583852
2017-12-01,-0.002542010691046648
2017-12-04,-0.004187896581247186
2017-12-05,-0.0022825607758304445
2017-12-06,0.0023117355557409347
2017-12-07,0.0018905450785027256
2017-12-08,0.0038503500188467044
2017-12-11,0.005055052280182215
2017-12-12,0.0002956931863904444
2017-12-13,0.002292974630325073
2017-12-14,-0.00010856532366598781
2017-12-15,0.010141744256933816
2017-12-18,0.0064125808458688205
2017-12-19,-0.0015671053245888134
2017-12-20,-0.0018916102189251438
2017-12-21,-0.0016364351340486527
2017-12-22,-0.0012736669259855171
2017-12-26,-0.00041470119946729334
2017-12-27,0.001645005403453803
2017-12-28,0.0009656326059779285
2017-12-29,-0.005513865295392217
2018-01-02,0.0100778613626884
2018-01-03,0.007756358302866362
2018-01-04,0.0032081516722843872
2018-01-05,0.008865741963160145
2018-01-08,0.0036184323369166105
2018-01-09,-4.361088772086852e-05
2018-01-10,-0.0017240481549752884
2018-01-11,0.00690313910327256
2018-01-12,0.005926582323115159
2018-01-16,-0.002704251270191249
2018-01-17,0.013448214257436586
2018-01-18,-0.0017003595980190633
2018-01-19,0.0036323760417396045
2018-01-22,0.01037428610976776
2018-01-23,0.001552244302771566
2018-01-24,-0.0022590260261279305
2018-01-25,0.0033510772162848035
2018-01-26,0.01706480847695513
2018-01-29,-0.004243220289593119
2018-01-30,-0.011102339778827686
2018-01-31,0.00040436258395115665
2018-02-01,0.001056257213293721
2018-02-02,-0.02251602330287994
2018-02-05,-0.04577314306801661
2018-02-06,0.023015751648991944
2018-02-07,-0.004580635081381956
2018-02-08,-0.03991826512035557
2018-02-09,0.017487253505193978
2018-02-12,0.014102005210619106
2018-02-13,0.0036324297931604743
2018-02-14,0.012057680753192912
2018-02-15,0.015322676230408172
2018-02-16,1.5327190689085057e-05
2018-02-20,-0.006856167459417972
2018-02-21,-0.00774996083374313
2018-02-22,0.0038243029910582926
2018-02-23,0.016926380497629623
2018-02-26,0.013403460560279967
2018-02-27,-0.011017439269768503
2018-02-28,-0.011743511862300937
2018-03-01,-0.016486889106258507
2018-03-02,0.002696098719222828
2018-03-05,0.010812668672948389
2018-03-06,0.0007378668086341911
2018-03-07,-0.0009928307973997574
2018-03-08,0.005351042927378646
2018-03-09,0.016515858498886482
2018-03-12,-0.0013822769531919299
2018-03-13,-0.006797366788649617
2018-03-14,-0.004477187490383172
2018-03-15,0.001182186138747765
2018-03-16,0.0022277347283425897
2018-03-19,-0.01757792289412441
2018-03-20,0.004816138016495941
2018-03-21,-0.0026469284604120347
2018-03-22,-0.022434012150698845
2018-03-23,-0.021028266381731164
2018-03-26,0.029502823399470968
2018-03-27,-0.021643110464129034
2018-03-28,-0.004842846183988336
2018-03-29,0.01917429650254321
2018-04-02,-0.02569518900575385
2018-04-03,0.01442572559396127
2018-04-04,0.00961015470572213
2018-04-05,0.00839389778687738
2018-04-06,-0.021426072003363328
2018-04-09,0.0031533446856681913
2018-04-10,0.020472020468445207
2018-04-11,-0.005111476158096484
2018-04-12,0.009532397508532853
2018-04-13,-0.003605916004746468
2018-04-16,0.0058903254451772025
2018-04-17,0.013200874438811905
2018-04-18,2.920793990335291e-05
2018-04-19,-0.0047027601155824605
2018-04-20,-0.009247364634578203
2018-04-23,-0.0017778523890410458
2018-04-24,-0.015112337451604008
2018-04-25,0.0012667010205682505
2018-04-26,0.02067311961510887
2018-04-27,-0.0008116393180515047
2018-04-30,-0.002623088335699686
2018-05-01,0.0012013735093832079
2018-05-02,-0.007324184752272922
2018-05-03,0.001141224597583257
2018-05-04,0.015587312503546169
2018-05-07,0.006204278593320289
2018-05-08,0.000656617732888165
2018-05-09,0.008769115622725199
2018-05-10,0.009865509385292626
2018-05-11,0.0009462899127796742
2018-05-14,0.0012335834501224774
2018-05-15,-0.00952736615443206
2018-05-16,0.0028100852368986295
2018-05-17,-0.0037920850335997347
2018-05-18,-0.0038786764744430657
2018-05-21,0.008830763887743398
2018-05-22,-0.005131127384601641
2018-05-23,0.006588914385511346
2018-05-24,-0.0038359015792107654
2018-05-25,-0.0004295903351356767
2018-05-29,-0.008545017308561942
2018-05-30,0.011625428760103418
2018-05-31,-0.004037892732799753
2018-06-01,0.011966395047349199
2018-06-04,0.00897062718818753
2018-06-05,-0.0005528992669516786
2018-06-06,0.008822509807299372
2018-06-07,-0.0006206646182668196
2018-06-08,0.0027451044372401867
2018-06-11,-0.001240866045083333
2018-06-12,0.002218634125988883
2018-06-13,-0.0023263234634030017
2018-06-14,0.004410950327750074
2018-06-15,-0.0022949341704975312
2018-06-18,-0.0030395970435416197
2018-06-19,-0.005101369531688604
2018-06-20,0.002697549439192981
2018-06-21,-0.007132625137055482
2018-06-22,0.0016903242022647813
2018-06-25,-0.016427504140030802
2018-06-26,0.0030357208387765677
2018-06-27,-0.008599516822465958
2018-06-28,0.007769906406942084
2018-06-29,-0.0006327972269933868
2018-07-02,0.0034914467314859365
2018-07-03,-0.007542943271217184
2018-07-05,0.011872684486334162
2018-07-06,0.007442222766838036
2018-07-09,0.008061381674301593
2018-07-10,0.006641873667639242
2018-07-11,-0.005618699901810076
2018-07-12,0.011489000498876134
2018-07-13,0.0005732239873055267
2018-07-16,0.001447214606911995
2018-07-17,0.007922634940486395
2018-07-18,-0.0013933520566961066
2018-07-19,-0.003626679190082749
2018-07-20,0.0011227597556004998
2018-07-23,0.0013047196908870795
2018-07-24,0.008081932991204743
2018-07-25,0.009052132579189909
2018-07-26,-0.009051531749319164
2018-07-27,-0.009887812263685847
2018-07-30,-0.00803275161529482
2018-07-31,0.00434822759175213
2018-08-01,0.002547447730850916
2018-08-02,0.00624348010923792
2018-08-03,0.005231171386797628
2018-08-06,0.005658681061743387
2018-08-07,0.0032881257340069414
2018-08-08,0.002187535544347252
2018-08-09,-0.0020394501536458165
2018-08-10,-0.006106385645524126
2018-08-13,-0.003225203427566159
2018-08-14,0.004692494624952026
2018-08-15,-0.005548840192777793
2018-08-16,0.01104445900719031
2018-08-17,0.00044477779933171924
2018-08-20,0.0007811957564172189
2018-08-21,0.0010861092658538407
2018-08-22,0.0016396302477079683
2018-08-23,-0.0002216463483670772
2018-08-24,0.005936623242201566
2018-08-27,0.006752146648977275
2018-08-28,0.00041579846687134214
2018-08-29,0.006841361165462523
2018-08-30,-0.00237716396059362
2018-08-31,-0.00015273133201398892
2018-09-04,-0.0007781162743812908
2018-09-05,-0.00455255298322188
2018-09-06,-0.003526403814875123
2018-09-07,-0.0016296692807797886
2018-09-10,0.0013890287981512817
2018-09-11,0.005141976918789037
2018-09-12,-0.001527980460685252
2018-09-13,0.003556750476996662
2018-09-14,0.00014938409871989577
2018-09-17,-0.0060283037559130115
2018-09-18,0.005283942805508035
2018-09-19,0.0026694090959420436
2018-09-20,0.009398344421488902
2018-09-21,0.00021645002045111994
2018-09-24,-0.0013598137338354244
2018-09-25,0.00028834719445303136
2018-09-26,-0.0017863368138516522
2018-09-27,0.004171327061003094
2018-09-28,0.0035064979432952725
2018-10-01,0.0045371800375682
2018-10-02,0.0013945296827582165
2018-10-03,0.0004874025465082532
2018-10-04,-0.010759301836852697
2018-10-05,-0.008056369931261687
2018-10-08,-0.00021890346589881204
2018-10-09,0.002159843048142873
2018-10-10,-0.033112529815783054
2018-10-11,-0.021198665422641372
2018-10-12,0.01681106450269998
2018-10-15,-0.009368781265549742
2018-10-16,0.022674955830459087
2018-10-17,0.0024342168964839317
2018-10-18,-0.014449902144751947
2018-10-19,0.004954120781805793
2018-10-22,0.0008140166911441149
2018-10-23,-0.002246907766846107
2018-10-24,-0.027262838330126105
2018-10-25,0.023793324422977324
2018-10-26,-0.017918984279834627
2018-10-29,-0.013358884045244657
2018-10-30,0.020033268541268523
2018-10-31,0.012148258540634727
2018-11-01,0.010932160876410801
2018-11-02,-0.007188345348712044
2018-11-05,0.0037493658352691916
2018-11-06,0.0048154556840831475
2018-11-07,0.02155531982032688
2018-11-08,-0.0028368369703262175
2018-11-09,-0.006259401846998913
2018-11-12,-0.023283856442846362
2018-11-13,-0.001042565290057862
2018-11-14,-0.00718898380337718
2018-11-15,0.00955381426788815
2018-11-16,-0.00997347393768111
2018-11-19,-0.02100793292383163
2018-11-20,-0.01651339897356474
2018-11-21,-0.0008979794211491088
2018-11-23,-0.007131002441841727
2018-11-26,0.01746244522837248
2018-11-27,0.0059193665534522655
2018-11-28,0.026075098410932362
2018-11-29,-0.001425654262257603
2018-11-30,0.012903506296735312
2018-12-03,0.011977543090017972
2018-12-04,-0.03181058363219491
2018-12-06,0.0022111906276105486
2018-12-07,-0.025050877470331523
2018-12-10,0.0073791599836985355
2018-12-11,-0.0007585254339409486
2018-12-12,0.004810961628153754
2018-12-13,0.005134940279503342
2018-12-14,-0.021216667341600548
2018-12-17,-0.022357846438951223
2018-12-18,0.006109127980213458
2018-12-19,-0.020843459058154212
2018-12-20,-0.015835000789083065
2018-12-21,-0.021694226151709017
2018-12-24,-0.027150102178135183
2018-12-26,0.05395106195898447
2018-12-27,0.007014740264719821
2018-12-28,-0.0008841682715039489
2018-12-31,0.008299683290660997
2019-01-02,0.004353398177339152
2019-01-03,-0.029572181806188813
2019-01-04,0.03703654446002447
2019-01-07,0.007918671426115464
2019-01-08,0.009243231789074047
2019-01-09,0.002935834439044216
2019-01-10,0.0021995444398630326
2019-01-11,0.0005840649977140178
2019-01-14,-0.004597765764758566
2019-01-15,0.010261794531257307
2019-01-16,-0.0026827656446626325
2019-01-17,0.00595317957199093
2019-01-18,0.012237595656779288
2019-01-22,-0.014878624865376722
2019-01-23,0.003749179101846911
2019-01-24,0.0029688772441724964
2019-01-25,0.0037336746060114834
2019-01-28,-0.015380109785827933
2019-01-29,-0.005036698427740127
2019-01-30,0.021676213426117474
2019-01-31,0.013468462085439503
2019-02-01,0.0027155481977558793
2019-02-04,0.009679528741369348
2019-02-05,0.006816820214621044
2019-02-06,-0.002365444962005414
2019-02-07,-0.010844363853960592
2019-02-08,0.0003787129816310575
2019-02-11,-0.002827616320720261
2019-02-12,0.01232313598967072
2019-02-13,0.003367612762077865
2019-02-14,-0.0024903888508160943
2019-02-15,0.011218875680034657
2019-02-19,0.002060863810301905
2019-02-20,0.00036420780101353856
2019-02-21,-0.001981529742729915
2019-02-22,0.009148411350299535
2019-02-25,0.001577385400963971
2019-02-26,-0.000150361319481096
2019-02-27,-0.000826175979571131
2019-02-28,0.0012057617715834912
2019-03-01,0.0057606090860966574
2019-03-04,0.0005593870457556438
2019-03-05,0.0011510070934559469
2019-03-06,-0.004660528404104691
2019-03-07,-0.00904898547518096
2019-03-08,-0.002145551362713216
2019-03-11,0.015797973701622503
2019-03-12,0.0013290589958774301
2019-03-13,0.006728376175002548
2019-03-14,-0.003214465223266516
2019-03-15,0.0065680161785652835
2019-03-18,-0.0005186884947961934
2019-03-19,0.0029342165549499644
2019-03-20,0.0018588933382575057
2019-03-21,0.010521254945464076
2019-03-22,-0.016247023241786063
2019-03-25,-0.0015178651679983446
2019-03-26,0.007857685102019785
2019-03-27,-0.0035580346360517545
2019-03-28,0.002903643016894941
2019-03-29,0.007003306141189158
2019-04-01,0.010829488441346014
2019-04-02,0.0016152535568598747
2019-04-03,0.0037876497666566866
2019-04-04,0.0052538012262692835
2019-04-05,0.0024852845099729848
2019-04-08,0.0008292645835354939
2019-04-09,-0.003979919683903321
2019-04-10,0.0026074483207547683
2019-04-11,0.0006401538456022315
2019-04-12,0.012964253103113998
2019-04-15,0.0009373379082993072
2019-04-16,0.002303808086535186
2019-04-17,0.004611923252687111
2019-04-18,0.0003818663515624543
2019-04-22,0.002169463312303721
2019-04-23,0.007624167075760191
2019-04-24,-0.0008283145482059773
2019-04-25,0.004033709612091263
2019-04-26,-0.004715353985908499
2019-04-29,-0.0002205259030106932
2019-04-30,-0.0018676001622431881
2019-05-01,-0.0066378846417209925
2019-05-02,-0.003227233571643673
2019-05-03,0.009457066296760352
2019-05-06,-0.0038283953249321767
2019-05-07,-0.0173714036071293
2019-05-08,-0.0008763815908081618
2019-05-09,-0.008506092388366082
2019-05-10,0.003799037602612909
2019-05-13,-0.025302970744223385
2019-05-14,0.006797717797346836
2019-05-15,0.009565079764208395
2019-05-16,0.012170154490211305
2019-05-17,-0.006000149739889604
2019-05-20,-0.008434491479414219
2019-05-21,0.005305709707748907
2019-05-22,-0.002261510177214432
2019-05-23,-0.009351352036141458
2019-05-24,0.0013287376376573956
2019-05-28,-0.005468198933945678
2019-05-29,-0.009285671639538084
2019-05-30,0.0040799469630994345
2019-05-31,-0.01407766735885152
2019-06-03,-0.01057242290780025
2019-06-04,0.021724503094211922
2019-06-05,0.008221113096267052
2019-06-06,0.009492935829254368
2019-06-07,0.012915619651253651
2019-06-10,0.006743918874045685
2019-06-11,0.0021515695351321806
2019-06-12,-0.00308739533287794
2019-06-13,0.00574755066774757
2019-06-14,-0.0012737586665445555
2019-06-17,0.004347669648044672
2019-06-18,0.010722360732622116
2019-06-19,0.0009251771185854185
2019-06-20,0.009917883014543216
2019-06-21,-0.0016227373035777592
2019-06-24,0.0005047069964916329
2019-06-25,-0.00973386251380004
2019-06-26,0.00384594399710414
2019-06-27,-0.0012150431111915827
2019-06-28,0.0027443793667647487
2019-07-01,0.006370949721417496
2019-07-02,0.004551058449489442
2019-07-03,0.008244042808033702
2019-07-05,-0.0027763620855708604
2019-07-08,-0.003971339385854922
2019-07-09,0.002637703225627952
2019-07-10,0.008284026560394508
2019-07-11,0.0034037332201237724
2019-07-12,0.004886476466630318
2019-07-15,0.0009015038402107045
2019-07-16,-0.004070809940683651
2019-07-17,-0.0024867425054503345
2019-07-18,0.0007168982372440791
2019-07-19,-0.004989049976182436
2019-07-22,0.005372181122354602
2019-07-23,0.00695958026170862
2019-07-24,0.0008277585346181393
2019-07-25,-0.007346403112825306
2019-07-26,0.008340532825314995
2019-07-29,-0.0011495372739351861
2019-07-30,-0.004780176228028066
2019-07-31,-0.014126583735406872
2019-08-01,-0.009164167805364332
2019-08-02,-0.007321296590925064
2019-08-05,-0.03167149203309938
2019-08-06,0.013308856475091169
2019-08-07,-0.0004083103740022409
2019-08-08,0.018260146722740345
2019-08-09,-0.008190870508031578
2019-08-12,-0.012918197837163747
2019-08-13,0.01545766329284115
2019-08-14,-0.02861189141937126
2019-08-15,0.004093787089250123
2019-08-16,0.014232577750271647
2019-08-19,0.015188645689153013
2019-08-20,-0.007082198708962872
2019-08-21,0.009339855590528412
2019-08-22,0.0006917497640708259
2019-08-23,-0.02604638853905883
2019-08-26,0.012784415324235576
2019-08-27,-0.0023549460954503942
2019-08-28,0.005872818114655454
2019-08-29,0.013261476051514176
2019-08-30,-0.0002971223527461486
2019-09-03,-0.0064211963503618685
2019-09-04,0.012630950926494577
2019-09-05,0.015130278919502027
2019-09-06,0.0014376230446644378
2019-09-09,2.6834589258450947e-05
2019-09-10,-0.00026766670369315904
2019-09-11,0.008289989413664545
2019-09-12,0.003539584604773882
2019-09-13,-0.0013721960995028981
2019-09-16,-0.007125044880613607
2019-09-17,0.0023301523218461906
2019-09-18,0.00144821729731337
2019-09-19,-0.0017501802465363925
2019-09-20,-0.006740215917097392
2019-09-23,0.0010128667628557242
2019-09-24,-0.00720032423032968
2019-09-25,0.008939791510609307
2019-09-26,-0.004150646393941804
2019-09-27,-0.004562509048602115
2019-09-30,0.0035543706456495627
2019-10-01,-0.009090166763193408
2019-10-02,-0.017276033063375218
2019-10-03,0.011874900215058437
2019-10-04,0.01390770917668327
2019-10-07,-0.0029885461399618007
2019-10-08,-0.013702913312150677
2019-10-09,0.008909416369750511
2019-10-10,0.0031358612644138972
2019-10-11,0.009294661808261662
2019-10-14,-0.0020406955420569917
2019-10-15,0.010324630845705896
2019-10-16,-4.449727269140169e-05
2019-10-17,0.001719264753134775
2019-10-18,-0.011279480381975127
2019-10-21,0.007116441189705114
2019-10-22,-0.004020927142890374
2019-10-23,0.003572733878950185
2019-10-24,0.0013835712452479054
2019-10-25,0.007617520882326589
2019-10-28,0.006033603750474681
2019-10-29,-0.004943407858355009
2019-10-30,0.005355103987133125
2019-10-31,-0.0013104780096371282
2019-11-01,0.006976777387156297
2019-11-04,0.0023517346240558012
2019-11-05,0.00022328417468853168
2019-11-06,0.0001390041001632092
2019-11-07,0.0035612940005504967
2019-11-08,0.0021036579478863615
2019-11-11,-0.0013822323963877947
2019-11-12,0.001455081410470127
2019-11-13,0.0043310269847185445
2019-11-14,-0.002939963870279061
2019-11-15,0.0036939774926314506
2019-11-18,0.005515521185419647
2019-11-19,-0.002945493440166813
2019-11-20,-0.003377026822493967
2019-11-21,-0.001133612313408583
2019-11-22,0.0024545409459066914
2019-11-25,0.008582390671306506
2019-11-26,0.002559526994547534
2019-11-27,0.0031542497390182334
2019-11-29,-0.00349820063995554
2019-12-02,-0.008114012311605578
2019-12-03,-0.007490907388789769
2019-12-04,0.004574418627291799
2019-12-05,-0.00032659638231880006
2019-12-06,0.009231405080950328
2019-12-09,-0.0014640328518669143
2019-12-10,-0.0012500996475277582
2019-12-11,0.0025357012589719563
2019-12-12,0.006888958877210527
2019-12-13,7.329909538689172e-05
2019-12-16,0.005452510820256329
2019-12-17,0.0015255138533469825
2019-12-18,-0.0010958582640426817
2019-12-19,0.00791142240025633
2019-12-20,0.003334562180548062
2019-12-23,0.001139786947468302
2019-12-24,-0.0007563003221847664
2019-12-26,0.006746759902598765
2019-12-27,0.00012733644652973553
2019-12-30,-0.008189653604176894
2019-12-31,0.00358855428358118
2020-01-02,0.013139941381395293
2020-01-03,-0.00883378203426255
2020-01-06,0.004552041375599725
2020-01-07,-0.0032006051994503126
2020-01-08,0.003815936930651187
2020-01-09,0.008565676813536482
2020-01-10,-0.002393682251324525
2020-01-13,0.007753181540764098
2020-01-14,-0.001749806726962233
2020-01-15,0.002338085704490789
2020-01-16,0.007729395174987275
2020-01-17,0.0023587408376821717
2020-01-21,-0.0017814089163137314
2020-01-22,0.0018802891020239798
2020-01-23,0.0023613732991349945
2020-01-24,-0.003375213046645009
2020-01-27,-0.015123513374048048
2020-01-28,0.00829260637102025
2020-01-29,0.0016305232902307232
2020-01-30,0.003638004019688834
2020-01-31,-0.01710794605634236
2020-02-03,0.007636806160589593
2020-02-04,0.012476401500157941
2020-02-05,0.00986883394999194
2020-02-06,0.0056183525193718165
2020-02-07,-0.005016243962918443
2020-02-10,0.010658265203519424
2020-02-11,-0.0006051947293693738
2020-02-12,0.00600782943199496
2020-02-13,-0.004337883111772078
2020-02-14,0.004286031978559368
2020-02-18,-0.0014145681870438853
2020-02-19,0.006845804349183915
2020-02-20,-0.005651988824845411
2020-02-21,-0.012909129794485219
2020-02-24,-0.037211489373886075
2020-02-25,-0.026079973340447316
2020-02-26,-0.0015814198872878826
2020-02-27,-0.04788478454005807
2020-02-28,-0.0046383474940759895
2020-03-02,0.046986972886956746
2020-03-03,-0.029011796704614956
2020-03-04,0.040746904146157004
2020-03-05,-0.035042267210796174
2020-03-06,-0.013944314798642776
2020-03-09,-0.06967654674810642
2020-03-10,0.05164062969135208
2020-03-11,-0.0567728919306123
2020-03-12,-0.09681016067080095
2020-03-13,0.10033622866791148
2020-03-16,-0.11829508550501755
2020-03-17,0.05743797098153913
2020-03-18,-0.03667666979868678
2020-03-19,0.0018736134275743055
2020-03-20,-0.04442647443454639
2020-03-23,-0.011313637023901202
2020-03-24,0.09263870862240275
2020-03-25,0.0032657133423990015
2020-03-26,0.05628851303923543
2020-03-27,-0.03712390628096374
2020-03-30,0.03980943012051541
2020-03-31,-0.016294637633232356
2020-04-01,-0.03976086538106771
2020-04-02,0.02724173903904137
2020-04-03,-0.01206778375189177
2020-04-06,0.07146617661102272
2020-04-07,-0.009188466448633359
2020-04-08,0.024513800859258694
2020-04-09,0.009016568889441245
2020-04-13,-0.002152144646696552
2020-04-14,0.02909069834687883
2020-04-15,-0.01674485092066824
2020-04-16,0.0018689866053436255
2020-04-17,0.02918541360887783
2020-04-20,-0.022588924167840863
2020-04-21,-0.028388469241384162
2020-04-22,0.026787447397486286
2020-04-23,0.0005917127856809312
2020-04-24,0.009294102809070504
2020-04-27,0.009372159036409533
2020-04-28,-0.008145919845935934
2020-04-29,0.02999662631852229
2020-04-30,-0.003128619033623048
2020-05-01,-0.026050270041064083
2020-05-04,0.005551186157265686
2020-05-05,0.003916519156273557
2020-05-06,-0.004247269121805064
2020-05-07,0.010588197920273767
2020-05-08,0.018879268157223628
2020-05-11,0.0019293059306304539
2020-05-12,-0.0188178005939319
2020-05-13,-0.015670185994934194
2020-05-14,0.014752438630387443
2020-05-15,0.007903972277468085
2020-05-18,0.031220216491860464
2020-05-19,-0.011092876577188049
2020-05-20,0.02185541030052507
2020-05-21,-0.00768856863672962
2020-05-22,0.0026678026311393044
2020-05-26,0.0064310039417128095
2020-05-27,0.007899184099348089
2020-05-28,-0.0038263975939950567
2020-05-29,0.006723007746430643
2020-06-01,0.0004909700769903935
2020-06-02,0.007319591240378065
2020-06-03,0.015287816066060333
2020-06-04,-0.000705681187245788
2020-06-05,0.02783328655578865
2020-06-08,0.0162517873081367
2020-06-09,-0.005398014023743292
2020-06-10,-0.005310080001688089
2020-06-11,-0.06315831572051644
2020-06-12,0.01658117502991785
2020-06-15,0.00703941060108626
2020-06-16,0.015426844200330025
2020-06-17,-0.0035671852039684815
2020-06-18,-0.000804257349039883
2020-06-19,-0.007331842754848883
2020-06-22,0.008233458837591412
2020-06-23,0.004164975980736063
2020-06-24,-0.02430038268882162
2020-06-25,0.006367907851265953
2020-06-26,-0.026638733562381334
2020-06-29,0.02105497767836817
2020-06-30,0.00998207612221691
2020-07-01,0.00405375841968314
2020-07-02,0.003496128976683721
2020-07-06,0.01819534760211816
2020-07-07,-0.00832735689372055
2020-07-08,0.008468524801848343
2020-07-09,-0.0015154441640702343
2020-07-10,0.01256375659588449
2020-07-13,-0.008975460487682607
2020-07-14,0.01489496334078444
2020-07-15,0.005050731988918811
2020-07-16,-0.006798755053773031
2020-07-17,0.0012773401429322373
2020-07-20,0.010258210205827956
2020-07-21,0.002206715887953292
2020-07-22,0.007059085387624453
2020-07-23,-0.013482567259992417
2020-07-24,-0.012392335232814577
2020-07-27,0.0046568846359145155
2020-07-28,-0.0054555161277184405
2020-07-29,0.00451967276871823
2020-07-30,-0.003131709841396768
2020-07-31,0.006890983889284552
2020-08-03,0.005916808785195071
2020-08-04,0.008369379261276677
2020-08-05,0.010491061087475995
2020-08-06,0.009292007564699611
2020-08-07,-0.0026960644843704307
2020-08-10,0.005117575141468489
2020-08-11,-0.006860992793727316
2020-08-12,0.014459870219948767
2020-08-13,-0.007420111426936993
2020-08-14,0.000886082953612144
2020-08-17,0.004017007152436802
2020-08-18,0.002128051964590094
2020-08-19,-0.005814638529679228
2020-08-20,0.006438892140445018
2020-08-21,0.005045235472908027
2020-08-24,0.012077133722875999
2020-08-25,0.000278065943264183
2020-08-26,0.009190922178083705
2020-08-27,0.0006947509939481122
2020-08-28,0.011322266298199102
2020-08-31,-0.004119134797405111
2020-09-01,0.006742416532440787
2020-09-02,0.0153598363199976
2020-09-03,-0.034537866607512346
2020-09-04,-0.008313252236632485
2020-09-08,-0.02715996537599097
2020-09-09,0.016591439690263998
2020-09-10,-0.016197756371702177
2020-09-11,0.0015916070472290489
2020-09-14,0.01095105419739073
2020-09-15,0.004141764851310459
2020-09-16,-0.005269055358810837
2020-09-17,-0.007559736355226998
2020-09-18,-0.012446014114370962
2020-09-21,-0.010862402742610522
2020-09-22,0.009426872867020597
2020-09-23,-0.02464095427543267
2020-09-24,0.0015467515962503953
2020-09-25,0.016718974359852368
2020-09-28,0.016792403823973734
2020-09-29,-0.004218101346710856
2020-09-30,0.00915877894751782
2020-10-01,0.004205740174093364
2020-10-02,-0.011822615869880981
2020-10-05,0.0161814778346534
2020-10-06,-0.016164759952811747
2020-10-07,0.014369642616378853
2020-10-08,0.00995714762509814
2020-10-09,0.00617515837609095
2020-10-12,0.016643357495075284
2020-10-13,-0.0038132082907457177
2020-10-14,-0.006358344180022679
2020-10-15,-0.0011819657700194997
2020-10-16,0.0011704141395421086
2020-10-19,-0.015898791071596752
2020-10-20,0.00486310882303953
2020-10-21,-0.00013711305184083145
2020-10-22,0.006024791711596089
2020-10-23,-0.0011399075340283726
2020-10-26,-0.020871300653736324
2020-10-27,-0.0016381233967746045
2020-10-28,-0.04031643175000077
2020-10-29,0.013006791060470757
2020-10-30,-0.012629964502017699
2020-11-02,0.008743848380144525
2020-11-03,0.016829682345665953
2020-11-04,0.019580577434402224
2020-11-05,0.016198234845691717
2020-11-06,0.0022723374429332033
2020-11-09,0.021707722916951555
2020-11-10,-0.0001628928345478453
2020-11-11,0.006174289310650227
2020-11-12,-0.012187892471367423
2020-11-13,0.015791941631536632
2020-11-16,0.016413040918019206
2020-11-17,-0.004097754350137595
2020-11-18,-0.012019824164075987
2020-11-19,0.0033897873659787248
2020-11-20,-0.0094842133003743
2020-11-23,0.0116657470135213
2020-11-24,0.018071410775853503
2020-11-25,-0.001190886969364091
2020-11-27,0.001021850147918446
2020-11-30,-0.003120921720604186
2020-12-01,0.012582804003798964
2020-12-02,0.00767766079708454
2020-12-03,0.0005493957999638255
2020-12-04,0.004410397735627125
2020-12-07,-0.0012969851485435946
2020-12-08,0.004425999502665201
2020-12-09,-0.008474636780749334
2020-12-10,-0.0003591091454877571
2020-12-11,0.004798736651159929
2020-12-14,-0.006390709182876431
2020-12-15,0.009721809813120208
2020-12-16,0.0001751542312449228
2020-12-17,0.001897326815737177
2020-12-18,-0.0059972442420358485
2020-12-21,-0.0037786084148554444
2020-12-22,-0.004828510350167958
2020-12-23,0.001840495078622828
2020-12-24,0.002046624253642104
2020-12-28,0.011515551411901859
2020-12-29,-0.00010020667643262371
2020-12-30,-0.0004229882762163406
2020-12-31,0.0028373650443949128
2021-01-04,-0.012448048817531365
2021-01-05,0.009665802276508817
2021-01-06,-0.0052912039301942215
2021-01-07,0.012512601058008777
2021-01-08,0.003630805116851654
2021-01-11,-0.003219809509933169
2021-01-12,-0.0003755658708074483
2021-01-13,0.004917395118970491
2021-01-14,-0.0047301560528351105
2021-01-15,-0.008779385938502027
2021-01-19,0.007383145109344902
2021-01-20,0.014239178969826627
2021-01-21,0.005744996283666426
2021-01-22,-0.00590444720407024
2021-01-25,0.00239433833692404
2021-01-26,0.0020275031662992937
2021-01-27,-0.025540793449868482
2021-01-28,0.00993675790934656
2021-01-29,-0.01824477404210767
2021-02-01,0.01291775257827843
2021-02-02,0.012050944736756053
2021-02-03,0.0059063669260668306
2021-02-04,0.013219384218934316
2021-02-05,0.00520591988097463
2021-02-08,0.010588198879860622
2021-02-09,-0.0012417091367106226
2021-02-10,-0.00025302940943516816
2021-02-11,0.002743244395471134
2021-02-12,0.0014692062619376944
2021-02-16,0.003943986703274449
2021-02-17,-8.023104960441785e-05
2021-02-18,-0.006339493772726357
2021-02-19,-0.0037569622619211263
2021-02-22,-0.0054140804311105795
2021-02-23,0.0011765936523910892
2021-02-24,0.011152152781677138
2021-02-25,-0.025214120980879162
2021-02-26,-0.006880864154548361
2021-03-01,0.022490051104556708
2021-03-02,-0.009245854662817687
2021-03-03,-0.009880761285017692
2021-03-04,-0.008745095440969797
2021-03-05,0.017733142681783054
2021-03-08,-0.0023186545770115252
2021-03-09,0.012747910887910496
2021-03-10,0.010887427942785965
2021-03-11,0.010096998193244389
2021-03-12,0.0032892078760953236
2021-03-15,0.006030126110690315
2021-03-16,0.0018209783716041095
2021-03-17,0.003998552151535106
2021-03-18,-0.016681371064153572
2021-03-19,-5.3845005679287183e-05
2021-03-22,0.008307503615323286
2021-03-23,-0.005646748737277996
2021-03-24,-0.006027842910609316
2021-03-25,0.0037976582056271635
2021-03-26,0.015361620936437337
2021-03-29,0.00551160036428322
2021-03-30,-0.006702352479773688
2021-03-31,0.003875200891572117
2021-04-01,0.011129439288471543
2021-04-05,0.016210964635414493
2021-04-06,-0.0027616513617737537
2021-04-07,0.005063267261018245
2021-04-08,0.003556946814011086
2021-04-09,0.005954988475691092
2021-04-12,-0.001506726596209207
2021-04-13,0.002219439899625364
2021-04-14,-0.0054377816533367485
2021-04-15,0.011135928417171925
2021-04-16,0.0036054365424054158
2021-04-19,-0.005104363758284269
2021-04-20,-0.007681256902768552
2021-04-21,0.005897473706997447
2021-04-22,-0.011929353578383872
2021-04-23,0.006797669785441718
2021-04-26,-0.0006987161080160842
2021-04-27,-0.000269485172405437
2021-04-28,0.000369187319668951
2021-04-29,0.011726268534507867
2021-04-30,-0.007783941377263126
2021-05-03,0.0041439264476716975
2021-05-04,-0.007241199303943513
2021-05-05,-0.0012982925741555906
2021-05-06,0.009594168705281625
2021-05-07,0.006891028357334461
2021-05-10,-0.009204163200934978
2021-05-11,-0.01035361194198925
2021-05-12,-0.019275992263196873
2021-05-13,0.010762837626558719
2021-05-14,0.01293199946398671
2021-05-17,-0.000967331911891911
2021-05-18,-0.006816221484326479
2021-05-19,-0.0029207399382942256
2021-05-20,0.010193913772487129
2021-05-21,0.0005114397444927476
2021-05-24,0.011578439297818877
2021-05-25,0.00013935525483876887
2021-05-26,-7.616813720523474e-05
2021-05-27,0.001389699692017743
2021-05-28,0.00014376751117173292
2021-06-01,0.0005105179558004824
2021-06-02,0.0042395222749811445
2021-06-03,-0.0034179037098236442
2021-06-04,0.009392850456788615
2021-06-07,0.00012412371896552976
2021-06-08,-0.0006336085893320353
2021-06-09,-0.0005998639569155806
2021-06-10,0.007025327638727985
2021-06-11,0.0011446558702479237
2021-06-14,0.001460118140603539
2021-06-15,-0.002997686149933232
2021-06-16,-0.006744952841037377
2021-06-17,0.0037849900651194535
2021-06-18,-0.014220381257282089
2021-06-21,0.012297478132206274
2021-06-22,0.007202253553348692
2021-06-23,-0.0017734961060781318
2021-06-24,0.005162534841240962
2021-06-25,-9.94354366549155e-05
2021-06-28,0.004024589754666463
2021-06-29,-0.0020733944448494412
2021-06-30,0.002598413910146702
2021-07-01,0.0043954896865041615
2021-07-02,0.008476840456040913
2021-07-06,-0.002373126966675909
2021-07-07,0.0012705155875276652
2021-07-08,-0.005712272835881382
2021-07-09,0.009811353699968217
2021-07-12,0.004276217619383571
2021-07-13,-0.002447147897517654
2021-07-14,0.0025386665652868956
2021-07-15,-0.004611690405665669
2021-07-16,-0.009626652521340762
2021-07-19,-0.015185086675600812
2021-07-20,0.013026050329046468
2021-07-21,0.009465168616566988
2021-07-22,0.003270122518111096
2021-07-23,0.009578614145085096
2021-07-26,0.005878816851398794
2021-07-27,-0.005176292503539681
2021-07-28,0.0021604992417614266
2021-07-29,0.000836422563332162
2021-07-30,-0.0073523918275753
2021-08-02,-0.0015693343408230698
2021-08-03,0.007678345219146454
2021-08-04,-0.0046028149128232165
2021-08-05,0.00873685835846727
2021-08-06,-1.7757283631514298e-05
2021-08-09,6.532662936953315e-05
2021-08-10,0.004115330730957378
2021-08-11,7.983511985920622e-05
2021-08-12,0.0037075443003278252
2021-08-13,0.0027251682794149357
2021-08-16,0.0016225389272017665
2021-08-17,-0.008989694645580415
2021-08-18,-0.012466209813335016
2021-08-19,0.002369593207689924
2021-08-20,0.008765799215525005
2021-08-23,0.013045738350073943
2021-08-24,-0.0012403727342656934
2021-08-25,0.0003211961825106968
2021-08-26,-0.006919623126125707
2021-08-27,0.008081011547361738
2021-08-30,0.004072636602418633
2021-08-31,-0.0018292415700398301
2021-09-01,0.0012862162854645476
2021-09-02,0.001728956555106409
2021-09-03,0.0007204935871116813
2021-09-07,-0.002231105555150714
2021-09-08,-0.0009018568108274394
2021-09-09,-0.003974542816005289
2021-09-10,-0.006081618468226857
2021-09-13,0.004390935059305212
2021-09-14,-0.004639165357541053
2021-09-15,0.006137835151114324
2021-09-16,-0.001986308291431982
2021-09-17,-0.009097833707974234
2021-09-20,-0.01768385779668047
2021-09-21,-0.001434897444430927
2021-09-22,0.009513860946466446
2021-09-23,0.011925495797318275
2021-09-24,0.0024560446838224337
2021-09-27,-0.0003249122435617924
2021-09-28,-0.018796909404294793
2021-09-29,0.0021539512213326617
2021-09-30,-0.011866705714804082
2021-10-01,0.012310950012324184
2021-10-04,-0.014575547167613112
2021-10-05,0.009308573000237574
2021-10-06,0.00423273725124429
2021-10-07,0.009478472113034986
2021-10-08,-0.0008203735273411006
2021-10-11,-0.006426119343885595
2021-10-12,-0.006753525063095234
2021-10-13,-0.0003364014506596069
2021-10-14,0.013579551790483091
2021-10-15,0.006327298075479826
2021-10-18,0.002157291531578842
2021-10-19,0.008044596608494547
2021-10-20,0.0009535998175302929
2021-10-21,0.0017455856394894553
2021-10-22,-0.010767049199163048
2021-10-25,0.004261184866176881
2021-10-26,0.004616163337822554
2021-10-27,-0.0030396232458543837
2021-10-28,0.005603449435833241
2021-10-29,0.0044295491823787
2021-11-01,0.002475227299371996
2021-11-02,0.005331568431371503
2021-11-03,0.0030986886004666925
2021-11-04,0.009579027530586481
2021-11-05,0.013563235625289272
2021-11-08,0.001407759571714351
2021-11-09,-0.002616499290105878
2021-11-10,-0.0062594422214132805
2021-11-11,-0.0035983184964912818
2021-11-12,0.004853598687521332
2021-11-15,0.0034563360029362666
2021-11-16,0.00023009524013861693
2021-11-17,-0.0037578117168132197
2021-11-18,0.005676060944680206
2021-11-19,-0.0044450256354025
2021-11-22,-0.0028165510049737996
2021-11-23,0.0024025382089813974
2021-11-24,0.004959041607452974
2021-11-26,-0.02021279308078039
2021-11-29,0.00965017323985129
2021-11-30,-0.014875723453056655
2021-12-01,-0.009647795981962193
2021-12-02,0.013456634790429689
2021-12-03,-0.004486653102404592
2021-12-06,0.015199848215299072
2021-12-07,0.01739741642446302
2021-12-08,0.0002553285006088313
2021-12-09,-0.0018846419604388043
2021-12-10,0.007943164355599386
2021-12-13,-0.0068851249009377335
2021-12-14,-0.003484273767008994
2021-12-15,0.017108590004011326
2021-12-16,-0.006794007672401681
2021-12-17,-0.013403906085257766
2021-12-20,-0.006940861001186627
2021-12-21,0.015456430215741612
2021-12-22,0.007874650780625325
2021-12-23,0.0035945234068799348
2021-12-27,0.011676619294988866
2021-12-28,0.0005116639064932649
2021-12-29,-0.0007702713173096676
2021-12-30,-0.001916851865401914
2021-12-31,-0.0020223045611690305
2022-01-03,0.008780325769916164
2022-01-04,-0.0016751131065044778
2022-01-05,-0.01067297008428969
2022-01-06,0.0018412641504788052
2022-01-07,-0.0009965812219230319
2022-01-10,-0.0028520158020848285
2022-01-11,0.008936125601584521
2022-01-12,0.0012591986037500114
2022-01-13,-0.010236754002888926
2022-01-14,-0.0018102735878025022
2022-01-18,-0.01537460004302027
2022-01-19,-0.008310412003338263
2022-01-20,-0.01162839938235627
2022-01-21,-0.020975591671510196
2022-01-24,-0.00015610186729642095
2022-01-25,-0.008175958707677622
2022-01-26,-0.001998906172925863
2022-01-27,-0.00450851335014002
2022-01-28,0.024704017785334376
2022-01-31,0.015335124614991535
2022-02-01,0.009978080865091776
2022-02-02,0.011061908246610797
2022-02-03,-0.030476191069082614
2022-02-04,0.006812222501874299
2022-02-07,-0.0019295962446626014
2022-02-08,0.0031560278614282122
2022-02-09,0.011427408367315373
2022-02-10,-0.012791865192261609
2022-02-11,-0.017948656437610788
2022-02-14,-0.002225346504026393
2022-02-15,0.015228014612489238
2022-02-16,0.0006991379017027288
2022-02-17,-0.013470368854466841
2022-02-18,-0.00939515034699634
2022-02-22,-0.016208606822837313
2022-02-23,-0.01789297054469896
2022-02-24,0.01041162732183798
2022-02-25,0.02074685604074067
2022-02-28,-0.004801901238018158
2022-03-01,-0.017043011116288143
2022-03-02,0.016496478009854654
2022-03-03,-0.007926291089718762
2022-03-04,-0.007210896378683662
2022-03-07,-0.02784041436102147
2022-03-08,-0.008917953621352948
2022-03-09,0.020083006902440026
2022-03-10,-0.0031639709789460513
2022-03-11,-0.009256011161342004
2022-03-14,-0.005014816974198144
2022-03-15,0.022942103813693437
2022-03-16,0.022648857608033257
2022-03-17,0.011078332337814523
2022-03-18,0.012475753523862432
2022-03-21,-0.0034072015043853376
2022-03-22,0.008675092490015412
2022-03-23,-0.013319484056317221
2022-03-24,0.017696984565657603
2022-03-25,0.00395346106200023
2022-03-28,0.005452684590745438
2022-03-29,0.011800497461100345
2022-03-30,-0.005397796951933098
2022-03-31,-0.016799144545198375
2022-04-01,0.0024016318150639204
2022-04-04,0.008740437582202887
2022-04-05,-0.01176928521893128
2022-04-06,-0.010691674282503394
2022-04-07,0.004147484269453772
2022-04-08,-0.002904416863559689
2022-04-11,-0.018222506611202616
2022-04-12,-0.0037385811870399577
2022-04-13,0.011389729195907083
2022-04-14,-0.012660253692095558
2022-04-18,-0.0012890981764921428
2022-04-19,0.01680217407243756
2022-04-20,-0.004426660934841453
2022-04-21,-0.014775118933898046
2022-04-22,-0.02388917796330381
2022-04-25,0.009558109614689947
2022-04-26,-0.025666381249138115
2022-04-27,-0.003828174499309278
2022-04-28,0.031773160562214464
2022-04-29,-0.037137601291200806
2022-05-02,0.009259644563985425
2022-05-03,0.0035022358311491697
2022-05-04,0.02858833577404174
2022-05-05,-0.03743905944253789
2022-05-06,-0.005153096493603515
2022-05-09,-0.02976096562347963
2022-05-10,0.0038841635102984107
2022-05-11,-0.017225184416113537
2022-05-12,-0.003014008967325621
2022-05-13,0.023632436424122938
2022-05-16,-0.0040040821866441645
2022-05-17,0.015012091741187561
2022-05-18,-0.04435930566276358
2022-05-19,-0.013845114634207345
2022-05-20,0.0021771683668134756
2022-05-23,0.022482690542265482
2022-05-24,-0.009697256079997829
2022-05-25,0.008896045191986834
2022-05-26,0.02132359187604771
2022-05-27,0.02219266998666969
2022-05-31,-0.0032728609743876147
2022-06-01,-0.007518825508536331
2022-06-02,0.022190430099456426
2022-06-03,-0.01575365892441527
2022-06-06,0.001887002602467991
2022-06-07,0.006891432753313387
2022-06-08,-0.009576510886819767
2022-06-09,-0.026129105829702404
2022-06-10,-0.030043063691860494
2022-06-13,-0.03552167657517702
2022-06-14,-0.002517561128251744
2022-06-15,0.019508666374965733
2022-06-16,-0.022281225160231566
2022-06-17,-0.00029024504943719887
2022-06-21,0.020861097974480547
2022-06-22,-0.0013868450977908564
2022-06-23,0.008377713438342038
2022-06-24,0.0318658792584221
2022-06-27,-0.005878998181686024
2022-06-28,-0.022538423064021096
2022-06-29,0.0014468549398725106
2022-06-30,-0.008404687124530352
2022-07-01,0.008229835439863109
2022-07-05,0.006925375359953412
2022-07-06,0.004062211376612446
2022-07-07,0.01608591264020376
2022-07-08,-0.0018565473748828332
2022-07-11,-0.012930775750738088
2022-07-12,-0.004086904135327418
2022-07-13,-0.002282578722005435
2022-07-14,-0.0006695200815790558
2022-07-15,0.01723085768560395
2022-07-18,-0.0051215401612279
2022-07-19,0.027853949487676166
2022-07-20,0.009775378368355403
2022-07-21,0.006609880875355856
2022-07-22,-0.014704908294756458
2022-07-25,-0.001390103113574348
2022-07-26,-0.015666082438681728
2022-07-27,0.02645284834573447
2022-07-28,0.006842051637372837
2022-07-29,0.00603732152995784
2022-08-01,0.004537211847603029
2022-08-02,-0.011044436358940368
2022-08-03,0.016677293821210304
2022-08-04,-0.003186721000746462
2022-08-05,-0.0025607150190615213
2022-08-08,-0.0027906028091827517
2022-08-09,-0.004394734839503922
2022-08-10,0.02219453612954081
2022-08-11,-0.0015747531556905559
2022-08-12,0.016704086538988694
2022-08-15,0.0055455608371304255
2022-08-16,0.006467874910789595
2022-08-17,-0.009087168640292909
2022-08-18,0.005069299064981436
2022-08-19,-0.015410902979529961
2022-08-22,-0.02182753521957237
2022-08-23,-0.003576443935205842
2022-08-24,0.0022296014953746557
2022-08-25,0.015686520968148265
2022-08-26,-0.03481837970655888
2022-08-29,-0.005483716468564381
2022-08-30,-0.011390144678923075
2022-08-31,-0.006899761301210061
2022-09-01,0.002447103351889579
2022-09-02,-0.012453657533047613
2022-09-06,-0.0060958150849586
2022-09-07,0.015701113020714752
2022-09-08,0.005680972120908123
2022-09-09,0.01473025722933774
2022-09-12,0.007903524787574279
2022-09-13,-0.04869904646589529
2022-09-14,0.003968318502164392
2022-09-15,-0.012183275326667742
2022-09-16,-0.00378662062264723
2022-09-19,0.005200595225902216
2022-09-20,-0.009772314613040511
2022-09-21,-0.016503155743764375
2022-09-22,-0.007043094902951075
2022-09-23,-0.01654755824418197
2022-09-26,-0.010129362324869828
2022-09-27,-0.006006976767886307
2022-09-28,0.020137263931745197
2022-09-29,-0.020290663651843288
2022-09-30,-0.01639569104381111
2022-10-03,0.026799906250979832
2022-10-04,0.027174372750406572
2022-10-05,-0.0006902870271227046
2022-10-06,-0.008469740724381114
2022-10-07,-0.028184580954262906
2022-10-10,-0.007634867970132686
2022-10-11,-0.006312130259056747
2022-10-12,3.4554177787970985e-05
2022-10-13,0.02608296794743059
2022-10-14,-0.018367098182975217
2022-10-17,0.027353316729263222
2022-10-18,0.00831969166851887
2022-10-19,-0.002522853123691271
2022-10-20,-0.0024810861480647484
2022-10-21,0.023522852328126787
2022-10-24,0.010372545373061426
2022-10-25,0.016472625236792382
2022-10-26,-0.014656884409804616
2022-10-27,-0.012728138587493443
2022-10-28,0.02870486272888728
2022-10-31,-0.011261693120868
2022-11-01,-0.003126923951027649
2022-11-02,-0.022728730434479205
2022-11-03,-0.007487688095629053
2022-11-04,0.01789730344815088
2022-11-07,0.013599558260288358
2022-11-08,0.004907412333310379
2022-11-09,-0.023130304052366935
2022-11-10,0.05669026470011085
2022-11-11,0.01022535234940869
2022-11-14,-0.004899147404951565
2022-11-15,0.009947010918537558
2022-11-16,-0.008357506633190903
2022-11-17,-0.0006389541979175961
2022-11-18,0.0026769578256613524
2022-11-21,-0.002642724976255617
2022-11-22,0.013768974278173252
2022-11-23,0.006333720832048417
2022-11-25,-0.00036592357147136045
2022-11-28,-0.01458628116766858
2022-11-29,-0.0027585342357637765
2022-11-30,0.03373163294961201
2022-12-01,0.0017198557727118313
2022-12-02,0.0010769732901010354
2022-12-05,-0.013683629810639086
2022-12-06,-0.020917532890903923
2022-12-07,-0.002244507088136949
2022-12-08,0.01206822426908638
2022-12-09,-0.006172220931283445
2022-12-12,0.01719088155801396
2022-12-13,0.009519108492996198
2022-12-14,-0.002026505013840496
2022-12-15,-0.02578459337689787
2022-12-16,-0.00942766095805636
2022-12-19,-0.010975757236426742
2022-12-20,0.003515279383343728
2022-12-21,0.013583000809497259
2022-12-22,-0.017832930212878795
2022-12-23,0.0063790931686869
2022-12-27,-0.0069719378410172395
2022-12-28,-0.011337604233639609
2022-12-29,0.016596089388591917
2022-12-30,-0.0010128319478092118
2023-01-03,0.003155111986166137
2023-01-04,0.007734839072928823
2023-01-05,-0.009133911808521189
2023-01-06,0.02486972757768613
2023-01-09,-0.0020343012752016554
2023-01-10,0.006254088515804002
2023-01-11,0.011499291433146874
2023-01-12,0.007230885204322357
2023-01-13,0.00577853808190687
2023-01-17,-0.003784361210607101
2023-01-18,-0.01806169397140689
2023-01-19,-0.007613273493060069
2023-01-20,0.02101986459452987
2023-01-23,0.014063699981032851
2023-01-24,0.0006851154082796462
2023-01-25,0.0007144259207068071
2023-01-26,0.011444019217222046
2023-01-27,0.00328801816651092
2023-01-30,-0.016398999268580905
2023-01-31,0.0130559385267075
2023-02-01,0.011001136805141254
2023-02-02,0.02678512579747583
2023-02-03,-0.011718069788488439
2023-02-06,-0.007187002672583986
2023-02-07,0.014546378456401499
2023-02-08,-0.014184782262107731
2023-02-09,-0.01101033785464789
2023-02-10,-0.0003465053303451926
2023-02-13,0.014035545809804484
2023-02-14,0.0009931124355149201
2023-02-15,0.001734514760476591
2023-02-16,-0.012858636041282345
2023-02-17,-0.0035604370918617123
2023-02-21,-0.020485726070116006
2023-02-22,-0.0034117517019626176
2023-02-23,0.009371760565296094
2023-02-24,-0.012673426725615111
2023-02-27,0.0008433576809909749
2023-02-28,-0.0006294176400448714
2023-03-01,-0.006193206545953234
2023-03-02,0.010615440151628963
2023-03-03,0.01790613386719575
2023-03-06,0.0010188290902080066
2023-03-07,-0.014143216998068975
2023-03-08,0.0017299336704061918
2023-03-09,-0.01517472649292495
2023-03-10,-0.004963531948382394
2023-03-13,0.0027181924721277895
2023-03-14,0.01944655035342535
2023-03-15,0.00034354887239174126
2023-03-16,0.020428868248489218
2023-03-17,-0.006624101514356995
2023-03-20,0.006071600009493805
2023-03-21,0.008704494801199614
2023-03-22,-0.013671492547943753
2023-03-23,0.009186089516520113
2023-03-24,0.0028892634379349413
2023-03-27,0.0001174012203939423
2023-03-28,-0.0017678995760703753
2023-03-29,0.016793574288629154
2023-03-30,0.007096183649984766
2023-03-31,0.014066824905850428
2023-04-03,0.008397251719985954
2023-04-04,-0.0023305881864600364
2023-04-05,-0.0007949456452346348
2023-04-06,0.0042927561503856015
2023-04-10,-0.0015241767210045776
2023-04-11,-0.0034790631537158223
2023-04-12,-0.0061029494493684
2023-04-13,0.014321369480747581
2023-04-14,-1.6195885182312963e-05
2023-04-17,0.0010257788076157848
2023-04-18,0.0014964018004341995
2023-04-19,-0.003521455449054689
2023-04-20,-0.004303820359338739
2023-04-21,0.0034548046507805186
2023-04-24,0.00028778980909005547
2023-04-25,-0.01458638714881555
2023-04-26,-0.0007191718670951364
2023-04-27,0.02292046963502692
2023-04-28,0.007624562932355472
2023-05-01,-0.0011933203541086845
2023-05-02,-0.0099713944082791
2023-05-03,-0.005987377199309973
2023-05-04,-0.006822010508925502
2023-05-05,0.014139284288695153
2023-05-08,0.002664818569451999
2023-05-09,-0.002891635227273759
2023-05-10,0.003692215700182855
2023-05-11,-0.004835514469918145
2023-05-12,-0.001339891512956215
2023-05-15,0.004136775819550964
2023-05-16,-0.004121541225556635
2023-05-17,0.011137837701124198
2023-05-18,0.010329264853696785
2023-05-19,-0.0023287944927711246
2023-05-22,-0.0012914373931609546
2023-05-23,-0.00770979067849642
2023-05-24,-0.0059251057546365615
2023-05-25,0.01077114514146249
2023-05-26,0.013940367834605283
2023-05-30,0.0015458074054828241
2023-05-31,-0.004039175175221121
2023-06-01,0.011899894219617568
2023-06-02,0.012348347503825075
2023-06-05,-0.004101851437320447
2023-06-06,0.0008845509430135401
2023-06-07,-0.004773828170583139
2023-06-08,0.008043291717107603
2023-06-09,-0.0012884741018097667
2023-06-12,0.01250246322910975
2023-06-13,0.004911309743503622
2023-06-14,0.00399826734914277
2023-06-15,0.011580668233182267
2023-06-16,-0.0014894893983018465
2023-06-20,-0.007800951627483177
2023-06-21,-0.007486146929457371
2023-06-22,0.00394842902494319
2023-06-23,-0.0050981521827315746
2023-06-26,-0.007853059290879427
2023-06-27,0.009689401880184079
2023-06-28,-0.0020284229636623463
2023-06-29,0.0012651533615219979
2023-06-30,0.013279950530183271
2023-07-03,0.00028573336545667516
2023-07-05,0.0005213551506457748
2023-07-06,-0.009993719243125643
2023-07-07,-0.0049742444898676075
2023-07-10,0.0016990313582825323
2023-07-11,0.008096020308731466
2023-07-12,0.008083469081240802
2023-07-13,0.008060403401746408
2023-07-14,-0.004006558166912644
2023-07-17,0.0021467951156286524
2023-07-18,0.002996416959134107
2023-07-19,0.003682919282715691
2023-07-20,-0.00322167054520206
2023-07-21,0.00027542837529104247
2023-07-24,0.0046523024022719905
2023-07-25,0.001873662988663094
2023-07-26,0.007264709475374609
2023-07-27,-0.0006649563636536016
2023-07-28,0.013630822789527874
2023-07-31,-0.0009792945021286359
2023-08-01,-0.0017194147948501604
2023-08-02,-0.01548586573709465
2023-08-03,0.0021526773449649372
2023-08-04,-0.0011770239211768008
2023-08-07,0.011479471609835201
2023-08-08,-0.003418915472193862
2023-08-09,-0.006904996211881009
2023-08-10,0.0033082709789611364
2023-08-11,-0.000827128653088316
2023-08-14,0.007059707194141618
2023-08-15,-0.011733451639668768
2023-08-16,-0.008599920531349614
2023-08-17,-0.004702904360529558
2023-08-18,0.0014723152160041053
2023-08-21,0.005343541687200304
2023-08-22,-0.003056204046932076
2023-08-23,0.008964656531136761
2023-08-24,-0.015649096618932767
2023-08-25,0.0073146292574663985
2023-08-28,0.005706038859150331
2023-08-29,0.010543105366544125
2023-08-30,0.0034069654759056878
2023-08-31,-0.0008480332937755852
2023-09-01,0.002386283963836666
2023-09-05,-0.0038045414381969733
2023-09-06,-0.00804180017058076
2023-09-07,0.0007368475842111089
2023-09-08,0.0007830854575983093
2023-09-11,0.006630850996545812
2023-09-12,-0.0024416864785054004
2023-09-13,0.0024770188225491374
2023-09-14,0.006167654061139505
2023-09-15,-0.013177327407715933
2023-09-18,0.0007930189172848934
2023-09-19,-0.00592578838113722
2023-09-20,-0.011366412661885983
2023-09-21,-0.015811208298770807
2023-09-22,-0.0023554137538248643
2023-09-25,0.002630454276510319
2023-09-26,-0.012881092848816778
2023-09-27,0.000976929359387091
2023-09-28,0.0042187496072914055
2023-09-29,-0.000976067180207929
2023-10-02,0.004191356619200892
2023-10-03,-0.011163697193922628
2023-10-04,0.003363688072676174
2023-10-05,-0.003173147135329124
2023-10-06,0.008536592798179976
2023-10-09,0.00465982772816087
2023-10-10,0.006528668610277233
2023-10-11,0.0025528030365618015
2023-10-12,-0.0044773296615659985
2023-10-13,-0.006495777723917406
2023-10-16,0.011346784914415542
2023-10-17,-0.002928300510945392
2023-10-18,-0.009900495357955785
2023-10-19,-0.004535900472988352
2023-10-20,-0.010560804550848957
2023-10-23,-0.0001537047162111227
2023-10-24,0.006938793859999404
2023-10-25,-0.01570967101927312
2023-10-26,-0.014094646583767356
2023-10-27,0.0022503751692868335
2023-10-30,0.015084105623438093
2023-10-31,0.006123952797107979
2023-11-01,0.010893712852515058
2023-11-02,0.014233867178455206
2023-11-03,0.007254489310599022
2023-11-06,0.002242590784690579
2023-11-07,0.003883752928431017
2023-11-08,-0.0014582412997504735
2023-11-09,-0.002889337032665251
2023-11-10,0.012351006089921013
2023-11-13,0.0006287138949043758
2023-11-14,0.014493385586881624
2023-11-15,0.005046797994101571
2023-11-16,-0.0012763746307200563
2023-11-17,0.0010761718475043036
2023-11-20,0.009980615032212148
2023-11-21,-0.002868362962841098
2023-11-22,0.004197151922507469
2023-11-24,0.0007666811075894842
2023-11-27,-0.0019398440589580845
2023-11-28,0.000987989868243222
2023-11-29,-0.002102928454782771
2023-11-30,0.003483110796163924
2023-12-01,-0.0009610046871075806
2023-12-04,-0.006136670389202403
2023-12-05,-0.0002663010092093243
2023-12-06,-0.005768536546172376
2023-12-07,0.008202827809157709
2023-12-08,0.00472527835342107
2023-12-11,0.0016724098812346266
2023-12-12,0.0037028903070204233
2023-12-13,0.007070589285939288
2023-12-14,-0.0009210164583771663
2023-12-15,0.005053485557209303
2023-12-18,0.007117580215216135
2023-12-19,0.007176609793683841
2023-12-20,-0.012870529275962328
2023-12-21,0.009282002851963123
2023-12-22,0.0017305458705296761
2023-12-26,0.005352458445700536
2023-12-27,0.0013083690588300279
2023-12-28,-0.00021291595614181258
2023-12-29,-0.0013129677249874572
